{"main":"americanflights.raml","name":"americanflights","classifier":"raml","tags":[],"dependencies":[{"groupId":"68ef9520-24e9-4cf2-b2f5-620025690913","assetId":"training-american-flight-data-type","version":"1.0.1"},{"groupId":"68ef9520-24e9-4cf2-b2f5-620025690913","assetId":"training-american-flights-example","version":"1.0.1"}],"groupId":"cbae5f0a-9648-4691-b245-74a654cdd967","assetId":"americanflights","version":"1.0.0","apiVersion":"v1","originalFormatVersion":"1.0","metadata":{"projectId":"858a9eec-2a87-40a4-9f6b-3ef5904c2e54","branchId":"master","commitId":"b4b44c4edf7c245c203a890f3a23eeafeff57cef"}}